<!--+
    | Production logging goes to file only
    +-->

<configuration>
    <appender name="STDOUT" class="ch.qos.logback.core.ConsoleAppender">
        <encoder class="ch.qos.logback.core.encoder.LayoutWrappingEncoder">
            <layout class="com.variant.server.util.VariantLogbackLayoutWithColor" />        
        </encoder>
    </appender>

    <appender name="FILE" class="ch.qos.logback.core.FileAppender">
        <!-- path to your log file, where you want to store logs -->
        <file>log/variant.log</file>
        <append>true</append>
        <encoder class="ch.qos.logback.core.encoder.LayoutWrappingEncoder">
            <layout class="com.variant.server.util.VariantLogbackLayout" />        
        </encoder>
    </appender>

    <logger name="com.variant" level="info" />
    <root level="info">
        <appender-ref ref="STDOUT" />
        <appender-ref ref="FILE" />
    </root>
 </configuration>